airline,date_of_journey,source,destination,dep_time,arrival_time,duration,total_stops,additional_info,price
Multiple Carriers,2019-03-03,Delhi,Cochin,07:05:00,13:20:00,375,1.0,No info,17057
Air India,2019-03-09,Chennai,Kolkata,11:40:00,13:55:00,135,0.0,No info,7817
Go Air,2019-03-03,Banglore,New Delhi,20:55:00,23:50:00,175,0.0,No info,6722
Jet Airways,2019-05-06,Mumbai,Hyderabad,19:35:00,21:05:00,90,0.0,In-flight meal not included,2228
Jet Airways,2019-06-27,Delhi,Cochin,05:30:00,19:00:00,810,2.0,No info,13014
Jet Airways,2019-03-15,Banglore,New Delhi,16:55:00,00:45:00,470,1.0,No info,21934
Multiple Carriers,2019-03-27,Delhi,Cochin,15:05:00,01:35:00,630,1.0,No info,12327
Indigo,2019-04-21,Kolkata,Banglore,11:30:00,14:05:00,155,0.0,No info,5644
Indigo,2019-05-15,Banglore,Delhi,22:10:00,01:00:00,170,0.0,No info,3419
Multiple Carriers,2019-06-15,Delhi,Cochin,09:15:00,19:15:00,600,1.0,No info,9359
Air India,2019-05-27,Delhi,Cochin,06:05:00,09:25:00,1640,1.0,No info,7480
Indigo,2019-03-06,Chennai,Kolkata,19:35:00,21:55:00,140,0.0,No info,7295
Indigo,2019-03-21,Banglore,New Delhi,05:25:00,10:10:00,285,1.0,No info,6208
Jet Airways,2019-05-27,Mumbai,Hyderabad,10:20:00,11:50:00,90,0.0,No info,8040
Indigo,2019-03-09,Delhi,Cochin,08:35:00,21:20:00,765,2.0,No info,8146
Jet Airways,2019-03-24,Kolkata,Banglore,19:45:00,09:15:00,810,1.0,In-flight meal not included,11134
Jet Airways,2019-06-12,Delhi,Cochin,05:30:00,19:00:00,810,2.0,In-flight meal not included,10368
Indigo,2019-06-15,Banglore,Delhi,08:30:00,11:20:00,170,0.0,No info,4823
Jet Airways,2019-03-01,Banglore,New Delhi,22:50:00,10:25:00,695,1.0,1 Long layover,31825
Air India,2019-03-27,Delhi,Cochin,10:00:00,19:15:00,555,1.0,No info,6902
Jet Airways,2019-06-12,Banglore,Delhi,15:15:00,18:10:00,175,0.0,In-flight meal not included,5769
Air India,2019-05-21,Kolkata,Banglore,09:25:00,18:30:00,545,1.0,No info,8366
Air India,2019-05-09,Kolkata,Banglore,08:20:00,11:10:00,1610,2.0,No info,11222
Jet Airways,2019-06-12,Delhi,Cochin,13:00:00,19:00:00,360,1.0,In-flight meal not included,10262
Jet Airways,2019-06-24,Delhi,Cochin,06:45:00,04:25:00,1300,2.0,No info,13376
Jet Airways,2019-06-06,Delhi,Cochin,19:45:00,19:00:00,1395,1.0,In-flight meal not included,10262
Jet Airways,2019-03-21,Delhi,Cochin,20:50:00,04:25:00,455,1.0,No info,14189
Indigo,2019-03-21,Mumbai,Hyderabad,12:00:00,13:25:00,85,0.0,No info,3342
Jet Airways,2019-06-15,Delhi,Cochin,11:30:00,19:00:00,450,1.0,In-flight meal not included,10262
Multiple Carriers,2019-03-27,Delhi,Cochin,10:20:00,18:50:00,510,1.0,No info,11421
Air Asia,2019-03-21,Kolkata,Banglore,10:20:00,12:55:00,155,0.0,No info,4082
Air India,2019-06-15,Delhi,Cochin,05:10:00,08:00:00,170,0.0,No info,5201
Spicejet,2019-06-06,Banglore,Delhi,05:55:00,08:35:00,160,0.0,No info,3625
Indigo,2019-05-18,Kolkata,Banglore,15:30:00,18:05:00,155,0.0,No info,4804
Air India,2019-03-09,Delhi,Cochin,04:00:00,07:40:00,1660,1.0,No info,10315
Jet Airways,2019-05-21,Kolkata,Banglore,14:05:00,22:35:00,510,1.0,In-flight meal not included,10844
Indigo,2019-06-21,Banglore,Delhi,19:30:00,22:15:00,165,0.0,No info,5780
Jet Airways,2019-05-21,Delhi,Cochin,19:15:00,04:25:00,550,1.0,No info,16079
Jet Airways,2019-03-18,Banglore,New Delhi,16:55:00,08:15:00,920,1.0,No info,13555
Indigo,2019-04-12,Banglore,Delhi,18:25:00,21:20:00,175,0.0,No info,4990
Indigo,2019-06-24,Delhi,Cochin,11:25:00,21:00:00,575,1.0,No info,5894
Indigo,2019-05-09,Banglore,Delhi,10:10:00,13:00:00,170,0.0,No info,3943
Indigo,2019-04-01,Kolkata,Banglore,15:30:00,18:05:00,155,0.0,No info,4174
Air Asia,2019-04-27,Delhi,Cochin,16:45:00,07:10:00,865,1.0,No info,6451
Jet Airways,2019-03-09,Delhi,Cochin,19:15:00,18:50:00,1415,1.0,In-flight meal not included,14053
Jet Airways,2019-05-15,Banglore,Delhi,06:00:00,08:45:00,165,0.0,No info,7229
Indigo,2019-03-21,Delhi,Cochin,10:45:00,15:30:00,285,1.0,No info,6218
Multiple Carriers,2019-05-27,Delhi,Cochin,10:20:00,01:30:00,910,1.0,No info,6795
Jet Airways,2019-06-27,Delhi,Cochin,05:30:00,12:35:00,425,2.0,In-flight meal not included,13344
Air India,2019-06-24,Banglore,Delhi,06:10:00,08:55:00,165,0.0,No info,6961
Vistara,2019-04-06,Banglore,Delhi,11:30:00,14:20:00,170,0.0,No info,5969
Vistara,2019-04-15,Banglore,Delhi,21:00:00,23:50:00,170,0.0,No info,5403
Multiple Carriers,2019-05-15,Delhi,Cochin,19:00:00,01:30:00,390,1.0,No info,8073
Jet Airways,2019-05-24,Banglore,Delhi,06:00:00,08:45:00,165,0.0,No info,7229
Jet Airways,2019-06-27,Delhi,Cochin,07:05:00,12:35:00,330,1.0,No info,14714
Jet Airways,2019-05-12,Kolkata,Banglore,21:10:00,10:05:00,775,1.0,In-flight meal not included,8586
Jet Airways,2019-05-06,Kolkata,Banglore,16:30:00,19:50:00,1640,1.0,In-flight meal not included,9663
Jet Airways,2019-05-27,Delhi,Cochin,20:55:00,04:25:00,450,1.0,In-flight meal not included,12898
Air India,2019-03-27,Delhi,Cochin,20:30:00,08:15:00,705,1.0,No info,5998
Jet Airways,2019-03-03,Delhi,Cochin,08:00:00,04:25:00,1225,1.0,No info,17024
Indigo,2019-05-21,Banglore,Delhi,07:10:00,10:05:00,175,0.0,No info,4823
Indigo,2019-05-24,Kolkata,Banglore,06:20:00,10:20:00,240,1.0,No info,4226
Indigo,2019-04-24,Kolkata,Banglore,19:35:00,00:10:00,275,1.0,No info,4860
Indigo,2019-04-15,Delhi,Cochin,08:35:00,16:10:00,455,1.0,No info,6442
Indigo,2019-06-27,Delhi,Cochin,11:25:00,21:00:00,575,1.0,No info,5894
Indigo,2019-06-06,Delhi,Cochin,20:25:00,01:30:00,305,1.0,No info,5054
Vistara,2019-05-18,Kolkata,Banglore,20:20:00,20:20:00,1440,1.0,No info,9555
Jet Airways,2019-03-27,Delhi,Cochin,07:05:00,04:25:00,1280,1.0,In-flight meal not included,6645
Air Asia,2019-04-18,Kolkata,Banglore,19:55:00,22:25:00,150,0.0,No info,4409
Jet Airways,2019-05-21,Delhi,Cochin,05:30:00,19:00:00,810,2.0,In-flight meal not included,13029
Jet Airways,2019-05-21,Kolkata,Banglore,06:30:00,12:00:00,330,1.0,No info,14388
Indigo,2019-06-06,Banglore,Delhi,23:30:00,02:20:00,170,0.0,No info,4591
Indigo,2019-03-03,Chennai,Kolkata,14:40:00,17:05:00,145,0.0,No info,7295
Air India,2019-04-09,Delhi,Cochin,07:00:00,19:15:00,735,1.0,No info,6674
Air Asia,2019-05-01,Kolkata,Banglore,22:40:00,10:40:00,720,1.0,No info,5192
Multiple Carriers,2019-03-06,Delhi,Cochin,18:00:00,01:35:00,455,1.0,No info,16863
Air India,2019-03-03,Delhi,Cochin,09:45:00,09:25:00,1420,2.0,No info,12760
Jet Airways,2019-06-15,Delhi,Cochin,18:15:00,12:35:00,1100,1.0,In-flight meal not included,10262
Vistara,2019-04-24,Banglore,Delhi,07:00:00,09:40:00,160,0.0,No info,5403
Air India,2019-06-01,Delhi,Cochin,10:00:00,19:15:00,555,1.0,No info,9929
Air India,2019-05-18,Delhi,Cochin,17:15:00,07:40:00,865,2.0,No info,12199
Jet Airways,2019-03-24,Kolkata,Banglore,06:30:00,19:40:00,790,1.0,No info,13339
Spicejet,2019-05-15,Chennai,Kolkata,08:20:00,10:35:00,135,0.0,No info,3597
Multiple Carriers,2019-06-24,Delhi,Cochin,14:00:00,01:30:00,690,1.0,No info,13377
Jet Airways,2019-06-03,Delhi,Cochin,05:30:00,19:00:00,810,2.0,In-flight meal not included,10368
Indigo,2019-06-12,Kolkata,Banglore,14:25:00,16:55:00,150,0.0,No info,4804
Air India,2019-05-24,Kolkata,Banglore,12:00:00,21:50:00,590,2.0,No info,9941
Spicejet,2019-03-06,Chennai,Kolkata,09:30:00,12:05:00,155,0.0,No info,7298
Air India,2019-06-12,Kolkata,Banglore,12:00:00,07:55:00,1195,2.0,No info,9416
Air India,2019-05-09,Delhi,Cochin,05:10:00,08:00:00,170,0.0,No info,5201
Indigo,2019-03-21,Delhi,Cochin,17:10:00,01:35:00,505,1.0,No info,7318
Indigo,2019-05-06,Kolkata,Banglore,04:40:00,07:15:00,155,0.0,No info,4804
Indigo,2019-06-03,Delhi,Cochin,08:30:00,21:00:00,750,1.0,No info,6416
Jet Airways,2019-03-24,Kolkata,Banglore,06:30:00,23:25:00,1015,1.0,No info,13339
Jet Airways,2019-05-27,Delhi,Cochin,19:15:00,19:00:00,1425,1.0,No info,16079
Indigo,2019-06-15,Delhi,Cochin,09:15:00,21:00:00,705,1.0,No info,6838
Jet Airways,2019-06-09,Mumbai,Hyderabad,10:20:00,11:50:00,90,0.0,No info,5678
Vistara,2019-05-15,Kolkata,Banglore,07:10:00,18:50:00,700,1.0,No info,9345
Multiple Carriers,2019-03-06,Delhi,Cochin,09:45:00,16:10:00,385,1.0,No info,10276
Jet Airways,2019-05-09,Kolkata,Banglore,17:00:00,14:25:00,1285,1.0,In-flight meal not included,9314
Indigo,2019-06-18,Mumbai,Hyderabad,21:20:00,22:50:00,90,0.0,No info,2227
Vistara,2019-05-24,Banglore,Delhi,21:00:00,23:50:00,170,0.0,No info,5613
Spicejet,2019-04-24,Delhi,Cochin,15:45:00,22:05:00,380,1.0,No info,5583
Spicejet,2019-05-21,Banglore,Delhi,05:55:00,08:35:00,160,0.0,No info,3311
Air India,2019-05-18,Delhi,Cochin,23:00:00,07:40:00,520,1.0,No info,8372
Multiple Carriers,2019-05-21,Delhi,Cochin,15:05:00,01:30:00,625,2.0,No info,16655
Air India,2019-03-27,Delhi,Cochin,17:40:00,08:15:00,875,1.0,No info,5998
Indigo,2019-06-24,Delhi,Cochin,17:05:00,22:15:00,310,1.0,No info,6147
Spicejet,2019-06-15,Kolkata,Banglore,06:55:00,09:30:00,155,0.0,No info,3873
Spicejet,2019-03-21,Kolkata,Banglore,06:55:00,09:35:00,160,0.0,No check-in baggage included,3815
Air India,2019-05-12,Kolkata,Banglore,09:25:00,05:35:00,1210,2.0,No info,11432
Air India,2019-06-24,Delhi,Cochin,05:15:00,06:50:00,1535,1.0,No info,6587
Indigo,2019-03-15,Banglore,New Delhi,16:50:00,21:35:00,285,1.0,No info,10406
Jet Airways,2019-03-09,Delhi,Cochin,21:50:00,18:50:00,1260,1.0,In-flight meal not included,13843
Vistara,2019-06-01,Banglore,Delhi,09:45:00,12:35:00,170,0.0,No info,4878
Air India,2019-04-21,Banglore,Delhi,10:00:00,12:45:00,165,0.0,No info,5228
Indigo,2019-06-01,Delhi,Cochin,23:30:00,04:35:00,305,1.0,No info,10112
Jet Airways,2019-06-15,Mumbai,Hyderabad,10:20:00,11:50:00,90,0.0,In-flight meal not included,4050
Air India,2019-06-01,Delhi,Cochin,13:30:00,23:00:00,570,1.0,No info,8907
Jet Airways,2019-04-01,Banglore,Delhi,07:10:00,10:10:00,180,0.0,No info,7229
Jet Airways,2019-05-27,Banglore,Delhi,19:50:00,22:50:00,180,0.0,No info,7229
Jet Airways,2019-06-09,Delhi,Cochin,21:25:00,12:35:00,910,2.0,No info,13292
Indigo,2019-05-01,Banglore,Delhi,08:30:00,11:20:00,170,0.0,No info,4823
Air India,2019-05-15,Delhi,Cochin,17:15:00,19:15:00,1560,2.0,No info,13022
Spicejet,2019-06-21,Kolkata,Banglore,22:20:00,00:40:00,140,0.0,No info,3873
Air India,2019-06-12,Kolkata,Banglore,12:00:00,21:50:00,590,2.0,No info,9416
Spicejet,2019-04-15,Delhi,Cochin,17:55:00,22:50:00,295,1.0,No info,5221
Jet Airways,2019-05-12,Mumbai,Hyderabad,07:05:00,08:30:00,85,0.0,In-flight meal not included,4050
Spicejet,2019-06-01,Delhi,Cochin,17:55:00,22:50:00,295,1.0,No info,5975
Jet Airways,2019-04-01,Kolkata,Banglore,21:10:00,04:40:00,450,1.0,In-flight meal not included,8849
Jet Airways,2019-06-06,Delhi,Cochin,05:30:00,19:00:00,810,2.0,No info,13292
Jet Airways,2019-05-21,Delhi,Cochin,13:00:00,19:00:00,360,1.0,No info,16079
Indigo,2019-06-01,Delhi,Cochin,09:15:00,01:30:00,975,1.0,No info,7048
Indigo,2019-04-06,Banglore,Delhi,04:00:00,06:50:00,170,0.0,No info,4423
Jet Airways,2019-03-21,Delhi,Cochin,08:00:00,18:50:00,650,1.0,In-flight meal not included,6540
Indigo,2019-05-21,Mumbai,Hyderabad,12:00:00,13:30:00,90,0.0,No info,2754
Vistara,2019-06-06,Kolkata,Banglore,17:00:00,20:20:00,1640,1.0,No info,8820
Air India,2019-05-15,Delhi,Cochin,20:30:00,08:15:00,705,1.0,No info,10671
Jet Airways,2019-05-12,Kolkata,Banglore,10:20:00,17:35:00,435,1.0,No info,9358
Jet Airways,2019-05-18,Kolkata,Banglore,20:00:00,23:35:00,1655,1.0,In-flight meal not included,10844
Jet Airways,2019-05-27,Delhi,Cochin,18:15:00,12:35:00,1100,1.0,In-flight meal not included,12898
Jet Airways,2019-06-27,Delhi,Cochin,19:10:00,12:35:00,1045,2.0,No info,15339
Indigo,2019-04-06,Delhi,Cochin,10:35:00,15:35:00,300,1.0,No info,5073
Jet Airways,2019-06-01,Delhi,Cochin,10:00:00,19:00:00,540,1.0,No info,14714
Spicejet,2019-04-03,Kolkata,Banglore,22:20:00,00:40:00,140,0.0,No info,3873
Spicejet,2019-06-09,Kolkata,Banglore,15:55:00,21:25:00,330,1.0,No info,9158
Air India,2019-05-01,Delhi,Cochin,17:15:00,09:25:00,970,2.0,No info,8839
Multiple Carriers,2019-05-27,Delhi,Cochin,17:45:00,01:30:00,465,1.0,No info,6795
Jet Airways,2019-06-15,Delhi,Cochin,11:30:00,04:25:00,1015,1.0,In-flight meal not included,10262
Air India,2019-06-24,Banglore,Delhi,21:05:00,23:55:00,170,0.0,No info,6961
Jet Airways,2019-06-12,Banglore,Delhi,18:55:00,22:00:00,185,0.0,In-flight meal not included,5769
Jet Airways,2019-06-27,Delhi,Cochin,11:40:00,19:00:00,440,2.0,No info,18804
Vistara,2019-05-18,Banglore,Delhi,07:00:00,09:40:00,160,0.0,No info,4878
Air India,2019-03-01,Banglore,New Delhi,17:00:00,23:10:00,370,1.0,No info,11628
Air India,2019-06-12,Kolkata,Banglore,10:00:00,05:25:00,1165,2.0,No info,13532
Jet Airways,2019-05-12,Banglore,Delhi,11:10:00,14:05:00,175,0.0,No info,7229
Spicejet,2019-03-24,Banglore,New Delhi,05:45:00,08:35:00,170,0.0,No info,4377
Air India,2019-06-01,Delhi,Cochin,18:45:00,19:15:00,1470,2.0,No info,12940
Air Asia,2019-05-18,Kolkata,Banglore,06:50:00,10:30:00,220,1.0,No info,6857
Vistara,2019-05-06,Kolkata,Banglore,17:00:00,10:45:00,1065,1.0,No info,8662
Vistara,2019-05-03,Chennai,Kolkata,07:05:00,09:20:00,135,0.0,No info,3687
Indigo,2019-06-24,Delhi,Cochin,06:40:00,21:00:00,860,1.0,No info,6093
Jet Airways,2019-03-18,Banglore,New Delhi,11:40:00,05:05:00,1045,1.0,No info,13555
Jet Airways,2019-06-27,Delhi,Cochin,06:45:00,12:35:00,1790,2.0,No info,13376
Indigo,2019-04-06,Kolkata,Banglore,06:15:00,10:30:00,255,1.0,No info,4226
Jet Airways,2019-04-01,Kolkata,Banglore,08:25:00,19:50:00,685,1.0,No info,12681
Indigo,2019-06-12,Delhi,Cochin,08:35:00,22:30:00,835,1.0,No info,6442
Multiple Carriers,2019-05-27,Delhi,Cochin,10:00:00,21:00:00,660,1.0,No info,9718
Multiple Carriers,2019-06-06,Delhi,Cochin,15:15:00,01:30:00,615,1.0,No info,6795
Jet Airways,2019-06-27,Banglore,Delhi,08:20:00,11:20:00,180,0.0,No info,8016
Jet Airways,2019-03-21,Delhi,Cochin,20:50:00,04:25:00,455,1.0,In-flight meal not included,9212
Indigo,2019-03-21,Delhi,Cochin,11:30:00,21:00:00,570,1.0,No info,6838
Air India,2019-05-24,Kolkata,Banglore,12:00:00,07:55:00,1195,2.0,No info,9416
Air India,2019-03-09,Banglore,New Delhi,11:05:00,22:45:00,700,1.0,No info,10657
Indigo,2019-04-03,Banglore,Delhi,10:10:00,13:00:00,170,0.0,No info,3943
Air India,2019-05-21,Kolkata,Banglore,16:45:00,08:55:00,970,2.0,No info,14960
Jet Airways,2019-03-24,Kolkata,Banglore,21:10:00,08:10:00,660,1.0,In-flight meal not included,11134
Air India,2019-03-06,Mumbai,Hyderabad,06:10:00,21:15:00,905,1.0,No info,16666
Jet Airways,2019-03-09,Banglore,New Delhi,08:55:00,11:25:00,1590,1.0,In-flight meal not included,11087
Jet Airways,2019-06-12,Kolkata,Banglore,16:30:00,12:00:00,1170,1.0,No info,13044
Vistara,2019-06-15,Banglore,Delhi,09:45:00,12:35:00,170,0.0,No info,4878
Jet Airways,2019-05-12,Banglore,Delhi,18:55:00,22:00:00,185,0.0,In-flight meal not included,4030
Air India,2019-06-09,Kolkata,Banglore,16:45:00,21:05:00,1700,1.0,No info,7662
Air India,2019-06-03,Delhi,Cochin,13:00:00,19:15:00,375,1.0,No info,8372
Jet Airways,2019-05-09,Banglore,Delhi,18:55:00,22:00:00,185,0.0,No info,7229
Spicejet,2019-05-01,Mumbai,Hyderabad,13:15:00,14:45:00,90,0.0,No check-in baggage included,2385
Jet Airways,2019-05-24,Kolkata,Banglore,20:00:00,09:20:00,800,1.0,No info,14571
Spicejet,2019-05-03,Chennai,Kolkata,08:20:00,10:35:00,135,0.0,No check-in baggage included,3543
Jet Airways,2019-06-09,Kolkata,Banglore,06:30:00,16:20:00,590,1.0,No info,14571
Air India,2019-05-09,Delhi,Cochin,06:10:00,23:00:00,1010,1.0,No info,7174
Indigo,2019-04-21,Banglore,Delhi,00:30:00,03:25:00,175,0.0,No info,3943
Multiple Carriers,2019-05-27,Delhi,Cochin,16:00:00,01:30:00,570,1.0,In-flight meal not included,7308
Vistara,2019-05-24,Kolkata,Banglore,07:10:00,22:40:00,930,1.0,No info,9397
Jet Airways,2019-05-06,Kolkata,Banglore,16:30:00,04:40:00,730,1.0,In-flight meal not included,8586
Multiple Carriers,2019-05-21,Delhi,Cochin,07:05:00,18:10:00,665,1.0,No info,9646
Jet Airways,2019-06-01,Delhi,Cochin,06:45:00,04:25:00,1300,2.0,In-flight meal not included,10919
Multiple Carriers,2019-03-09,Delhi,Cochin,17:25:00,01:35:00,490,1.0,In-flight meal not included,12616
Air India,2019-04-09,Delhi,Cochin,20:40:00,09:25:00,765,1.0,No info,4487
Indigo,2019-03-18,Mumbai,Hyderabad,09:10:00,10:40:00,90,0.0,No info,4049
Go Air,2019-03-06,Delhi,Cochin,10:25:00,19:20:00,535,1.0,No info,8213
Spicejet,2019-06-06,Banglore,Delhi,21:10:00,00:05:00,175,0.0,No info,3311
Spicejet,2019-06-09,Chennai,Kolkata,17:45:00,20:05:00,140,0.0,No info,3597
Jet Airways,2019-03-21,Delhi,Cochin,22:50:00,04:25:00,335,1.0,In-flight meal not included,6017
Multiple Carriers,2019-06-01,Delhi,Cochin,09:15:00,19:15:00,600,1.0,No info,9779
Jet Airways,2019-04-18,Banglore,Delhi,18:55:00,22:00:00,185,0.0,No info,7229
Air India,2019-06-21,Kolkata,Banglore,14:15:00,16:45:00,150,0.0,No info,5510
Jet Airways,2019-06-09,Mumbai,Hyderabad,02:55:00,04:20:00,85,0.0,No info,5678
Multiple Carriers,2019-05-15,Delhi,Cochin,06:00:00,12:35:00,395,1.0,No info,9794
Jet Airways,2019-03-21,Delhi,Cochin,18:15:00,04:25:00,610,1.0,In-flight meal not included,5963
Indigo,2019-06-01,Delhi,Cochin,07:15:00,12:30:00,315,1.0,No info,6582
Jet Airways,2019-06-09,Mumbai,Hyderabad,02:55:00,04:20:00,85,0.0,In-flight meal not included,4050
Indigo,2019-03-24,Kolkata,Banglore,14:20:00,16:55:00,155,0.0,No info,5618
Jet Airways,2019-05-24,Kolkata,Banglore,14:05:00,04:40:00,875,1.0,No info,13731
Jet Airways,2019-03-01,Banglore,New Delhi,22:50:00,11:25:00,755,1.0,1 Long layover,31825
Jet Airways,2019-05-09,Delhi,Cochin,09:35:00,12:35:00,1620,2.0,No info,14657
Jet Airways,2019-03-09,Delhi,Cochin,17:25:00,04:25:00,660,1.0,No info,15554
Jet Airways,2019-06-12,Kolkata,Banglore,09:35:00,23:35:00,840,1.0,No info,12692
Jet Airways,2019-06-12,Banglore,Delhi,06:00:00,08:45:00,165,0.0,In-flight meal not included,6478
Vistara,2019-06-21,Chennai,Kolkata,07:05:00,09:20:00,135,0.0,No info,3687
Air India,2019-04-24,Banglore,Delhi,10:00:00,12:45:00,165,0.0,No info,6121
Air India,2019-05-21,Kolkata,Banglore,14:30:00,23:15:00,525,2.0,No info,15107
Air India,2019-06-27,Delhi,Cochin,13:30:00,23:00:00,570,1.0,No info,8907
Air India,2019-05-21,Kolkata,Banglore,12:00:00,18:30:00,1830,2.0,No info,10151
Indigo,2019-05-21,Banglore,Delhi,22:10:00,01:00:00,170,0.0,No info,3625
Vistara,2019-04-24,Banglore,Delhi,09:45:00,12:35:00,170,0.0,No info,5403
Jet Airways,2019-04-01,Kolkata,Banglore,16:30:00,20:45:00,1695,1.0,No info,12681
Air India,2019-03-15,Banglore,New Delhi,10:30:00,21:25:00,655,2.0,No info,6593
Multiple Carriers,2019-03-21,Delhi,Cochin,06:40:00,18:50:00,730,1.0,No info,13568
Spicejet,2019-03-18,Mumbai,Hyderabad,13:10:00,14:30:00,80,0.0,No check-in baggage included,2385
Air India,2019-03-06,Mumbai,Hyderabad,17:20:00,14:50:00,150,2.0,No info,11972
Vistara,2019-05-24,Chennai,Kolkata,17:45:00,20:05:00,140,0.0,No info,11982
Air India,2019-05-27,Banglore,Delhi,17:00:00,19:45:00,165,0.0,No info,6961
Air India,2019-06-12,Kolkata,Banglore,05:50:00,08:55:00,1625,2.0,No info,12723
Spicejet,2019-05-09,Kolkata,Banglore,09:00:00,11:25:00,145,0.0,No info,3873
Air India,2019-03-06,Delhi,Cochin,06:50:00,07:40:00,1490,2.0,No info,20416
Jet Airways,2019-06-01,Delhi,Cochin,20:00:00,04:25:00,505,2.0,In-flight meal not included,15318
Indigo,2019-05-18,Banglore,Delhi,08:30:00,11:20:00,170,0.0,No info,4823
Indigo,2019-05-27,Delhi,Cochin,09:15:00,01:30:00,975,1.0,No info,6628
Jet Airways,2019-03-24,Kolkata,Banglore,08:25:00,16:20:00,475,1.0,In-flight meal not included,10031
Multiple Carriers,2019-06-24,Delhi,Cochin,10:20:00,19:00:00,520,1.0,In-flight meal not included,10791
Multiple Carriers,2019-05-09,Delhi,Cochin,04:55:00,19:00:00,845,1.0,No info,9103
Go Air,2019-06-09,Banglore,Delhi,07:45:00,10:40:00,175,0.0,No info,3898
Air India,2019-05-06,Delhi,Cochin,14:10:00,17:10:00,180,0.0,No info,6934
Multiple Carriers,2019-04-09,Delhi,Cochin,17:45:00,01:30:00,465,1.0,No info,8535
Air Asia,2019-06-15,Kolkata,Banglore,10:20:00,12:55:00,155,0.0,No info,4409
Jet Airways,2019-04-01,Kolkata,Banglore,06:30:00,12:00:00,330,1.0,In-flight meal not included,10056
Spicejet,2019-05-24,Banglore,Delhi,09:30:00,12:20:00,170,0.0,No info,3625
Indigo,2019-05-09,Kolkata,Banglore,11:30:00,14:05:00,155,0.0,No info,5224
Vistara,2019-05-09,Banglore,Delhi,07:00:00,09:40:00,160,0.0,No info,4668
Air India,2019-06-06,Kolkata,Banglore,10:00:00,05:25:00,1165,2.0,No info,13007
Jet Airways,2019-05-27,Delhi,Cochin,13:00:00,04:25:00,925,1.0,In-flight meal not included,12898
Multiple Carriers,2019-05-06,Delhi,Cochin,07:30:00,19:00:00,690,1.0,No info,10529
Air India,2019-05-09,Mumbai,Hyderabad,21:05:00,22:25:00,80,0.0,No info,3100
Jet Airways,2019-05-24,Mumbai,Hyderabad,10:20:00,11:50:00,90,0.0,No info,8040
Indigo,2019-03-24,Banglore,New Delhi,08:30:00,11:30:00,180,0.0,No info,6144
Indigo,2019-03-24,Banglore,New Delhi,07:10:00,10:05:00,175,0.0,No info,6144
Jet Airways,2019-03-12,Banglore,New Delhi,05:45:00,20:20:00,875,1.0,No info,13817
Multiple Carriers,2019-06-27,Delhi,Cochin,07:30:00,19:15:00,705,1.0,No info,8266
Jet Airways,2019-05-21,Delhi,Cochin,05:30:00,04:25:00,1375,2.0,No info,15129
Air India,2019-06-06,Delhi,Cochin,22:00:00,19:15:00,1275,2.0,No info,10441
Indigo,2019-04-06,Kolkata,Banglore,15:15:00,20:30:00,315,1.0,No info,4268
Jet Airways,2019-05-21,Kolkata,Banglore,06:30:00,04:40:00,1330,1.0,In-flight meal not included,8586
Air India,2019-05-01,Kolkata,Banglore,10:00:00,13:45:00,1665,2.0,No info,15164
Jet Airways,2019-06-09,Kolkata,Banglore,09:35:00,18:00:00,505,1.0,No info,14676
Vistara,2019-06-03,Chennai,Kolkata,17:45:00,20:05:00,140,0.0,No info,11982
Spicejet,2019-04-24,Kolkata,Banglore,17:10:00,19:40:00,150,0.0,No info,4174
Air India,2019-05-15,Kolkata,Banglore,10:00:00,13:45:00,1665,2.0,No info,16057
Jet Airways,2019-05-12,Kolkata,Banglore,08:25:00,08:15:00,1430,1.0,In-flight meal not included,8586
Air India,2019-03-03,Banglore,New Delhi,08:15:00,12:15:00,240,1.0,No info,6273
Jet Airways,2019-05-21,Delhi,Cochin,10:00:00,04:25:00,1105,1.0,In-flight meal not included,12898
Go Air,2019-05-15,Kolkata,Banglore,16:40:00,00:15:00,455,1.0,No info,7831
Jet Airways,2019-05-27,Delhi,Cochin,19:15:00,04:25:00,550,1.0,In-flight meal not included,12898
Indigo,2019-05-01,Banglore,Delhi,22:10:00,01:00:00,170,0.0,No info,3943
Indigo,2019-06-06,Delhi,Cochin,02:00:00,07:45:00,345,1.0,No info,6386
Jet Airways,2019-03-03,Delhi,Cochin,08:00:00,18:50:00,650,1.0,No info,17024
Air India,2019-06-15,Delhi,Cochin,08:00:00,19:15:00,675,1.0,No info,9929
Indigo,2019-03-03,Delhi,Cochin,18:35:00,01:35:00,420,1.0,No info,14871
Jet Airways,2019-03-01,Banglore,New Delhi,22:50:00,00:45:00,1555,1.0,No info,26890
Air India,2019-05-24,Kolkata,Banglore,07:00:00,01:20:00,1100,2.0,No info,14083
Air Asia,2019-06-24,Kolkata,Banglore,22:50:00,01:20:00,150,0.0,No info,3807
Air India,2019-05-27,Delhi,Cochin,09:00:00,19:15:00,615,1.0,No info,9929
Go Air,2019-06-12,Banglore,Delhi,20:55:00,23:40:00,165,0.0,No info,3419
Air India,2019-05-24,Delhi,Cochin,20:40:00,09:25:00,765,1.0,No info,7480
Jet Airways,2019-06-12,Kolkata,Banglore,20:25:00,10:55:00,870,1.0,No info,12692
Multiple Carriers,2019-06-24,Delhi,Cochin,13:00:00,01:30:00,750,1.0,No info,13377
Indigo,2019-06-06,Chennai,Kolkata,11:35:00,14:00:00,145,0.0,No info,3858
Air India,2019-03-24,Banglore,New Delhi,13:20:00,16:10:00,170,0.0,No info,4441
Air India,2019-03-27,Mumbai,Hyderabad,06:20:00,07:40:00,80,0.0,No info,2575
Air India,2019-05-24,Kolkata,Banglore,09:25:00,10:30:00,1505,2.0,No info,12797
Jet Airways,2019-05-06,Kolkata,Banglore,09:35:00,09:45:00,1450,1.0,No info,10953
Spicejet,2019-03-03,Banglore,New Delhi,05:45:00,08:35:00,170,0.0,No info,6860
Spicejet,2019-05-18,Mumbai,Hyderabad,05:45:00,07:15:00,90,0.0,No check-in baggage included,1965
Vistara,2019-05-01,Kolkata,Banglore,07:10:00,10:45:00,1655,1.0,No info,9187
Air Asia,2019-04-09,Delhi,Cochin,20:45:00,07:10:00,625,1.0,No info,6451
Multiple Carriers,2019-06-09,Delhi,Cochin,07:05:00,16:10:00,545,1.0,No info,9646
Air Asia,2019-03-24,Banglore,New Delhi,23:25:00,02:10:00,165,0.0,No info,4482
Air India,2019-06-09,Kolkata,Banglore,09:50:00,21:05:00,675,1.0,No info,7662
Indigo,2019-03-09,Banglore,New Delhi,13:10:00,16:10:00,180,0.0,No info,8033
Air India,2019-05-21,Delhi,Cochin,12:30:00,09:25:00,1255,1.0,No info,7480
Jet Airways,2019-03-06,Banglore,New Delhi,11:40:00,10:25:00,1365,1.0,No info,17261
Indigo,2019-03-09,Banglore,New Delhi,07:10:00,10:05:00,175,0.0,No info,7303
Indigo,2019-05-18,Mumbai,Hyderabad,06:25:00,07:55:00,90,0.0,No info,4392
Indigo,2019-05-27,Delhi,Cochin,17:10:00,01:30:00,500,1.0,No info,6206
Jet Airways,2019-06-01,Banglore,Delhi,15:15:00,18:10:00,175,0.0,No info,8016
Jet Airways,2019-05-18,Kolkata,Banglore,09:35:00,10:55:00,1520,1.0,No info,14151
Multiple Carriers,2019-05-27,Delhi,Cochin,13:00:00,21:00:00,480,1.0,No info,7408
Jet Airways,2019-03-06,Delhi,Cochin,05:25:00,19:45:00,2300,2.0,In-flight meal not included,16389
Jet Airways,2019-05-21,Banglore,Delhi,07:10:00,10:10:00,180,0.0,No info,7229
Jet Airways,2019-06-24,Delhi,Cochin,02:15:00,12:35:00,620,1.0,In-flight meal not included,10262
Jet Airways,2019-04-09,Delhi,Cochin,23:05:00,19:00:00,1195,2.0,No info,9483
Jet Airways,2019-06-01,Banglore,Delhi,07:10:00,10:10:00,180,0.0,In-flight meal not included,7229
Spicejet,2019-05-24,Banglore,Delhi,09:30:00,12:20:00,170,0.0,No check-in baggage included,3573
Jet Airways,2019-05-09,Kolkata,Banglore,06:30:00,12:00:00,330,1.0,No info,14388
Air Asia,2019-05-27,Delhi,Cochin,07:55:00,13:25:00,330,1.0,No info,6451
Multiple Carriers,2019-06-27,Delhi,Cochin,07:05:00,21:00:00,835,1.0,No info,13587
Vistara,2019-03-18,Banglore,New Delhi,21:10:00,00:05:00,175,0.0,No info,11598
Multiple Carriers,2019-06-01,Delhi,Cochin,09:15:00,19:00:00,585,1.0,No info,12042
Jet Airways,2019-03-24,Banglore,New Delhi,02:00:00,04:45:00,165,0.0,No info,7229
Vistara,2019-05-09,Kolkata,Banglore,20:20:00,09:05:00,765,1.0,No info,9187
Jet Airways,2019-05-01,Kolkata,Banglore,17:00:00,14:25:00,1285,1.0,In-flight meal not included,9314
Jet Airways,2019-05-24,Kolkata,Banglore,18:55:00,18:15:00,1400,1.0,In-flight meal not included,10844
Multiple Carriers,2019-06-06,Delhi,Cochin,07:00:00,21:00:00,840,1.0,No info,7408
Jet Airways,2019-05-12,Banglore,Delhi,11:10:00,14:05:00,175,0.0,In-flight meal not included,5198
Indigo,2019-03-27,Delhi,Cochin,04:45:00,15:30:00,645,1.0,No info,7048
Indigo,2019-06-27,Delhi,Cochin,11:25:00,01:30:00,845,1.0,No info,5684
Jet Airways,2019-05-12,Kolkata,Banglore,18:55:00,08:15:00,800,1.0,In-flight meal not included,9663
Multiple Carriers,2019-03-27,Delhi,Cochin,07:05:00,15:30:00,505,1.0,No info,12537
Jet Airways,2019-06-12,Delhi,Cochin,09:35:00,12:35:00,1620,2.0,No info,13292
Jet Airways,2019-06-09,Banglore,Delhi,08:20:00,11:20:00,180,0.0,In-flight meal not included,7229
Vistara,2019-06-24,Banglore,Delhi,07:00:00,09:40:00,160,0.0,No info,4668
Air India,2019-05-09,Kolkata,Banglore,16:50:00,07:55:00,905,1.0,No info,8366
Indigo,2019-03-15,Banglore,New Delhi,23:30:00,02:20:00,170,0.0,No info,8033
Indigo,2019-06-09,Delhi,Cochin,21:50:00,03:35:00,345,1.0,No info,6195
Air India,2019-05-21,Delhi,Cochin,13:00:00,19:15:00,375,1.0,No info,8372
Jet Airways,2019-06-12,Kolkata,Banglore,09:35:00,21:05:00,690,1.0,In-flight meal not included,10539
Multiple Carriers,2019-03-03,Delhi,Cochin,08:00:00,18:50:00,650,1.0,No info,15342
Jet Airways,2019-05-01,Kolkata,Banglore,08:25:00,18:15:00,590,1.0,No info,14781
Jet Airways,2019-05-06,Kolkata,Banglore,09:35:00,19:10:00,575,1.0,In-flight meal not included,12384
Indigo,2019-05-18,Kolkata,Banglore,08:10:00,13:00:00,290,1.0,No info,5279
Jet Airways,2019-06-01,Delhi,Cochin,05:30:00,04:25:00,1375,2.0,In-flight meal not included,10368
Indigo,2019-03-03,Banglore,New Delhi,16:55:00,19:45:00,170,0.0,No info,8855
Jet Airways,2019-06-12,Kolkata,Banglore,16:30:00,04:40:00,730,1.0,In-flight meal not included,6224
Jet Airways,2019-03-27,Delhi,Cochin,19:10:00,04:25:00,555,2.0,In-flight meal not included,8456
Jet Airways,2019-05-06,Kolkata,Banglore,17:00:00,19:10:00,1570,1.0,No info,13067
Jet Airways,2019-05-12,Kolkata,Banglore,20:25:00,23:35:00,1630,1.0,No info,10953
Multiple Carriers,2019-06-15,Delhi,Cochin,12:50:00,21:00:00,490,1.0,No info,7005
Jet Airways,2019-05-09,Kolkata,Banglore,14:05:00,19:50:00,345,1.0,No info,14781
Spicejet,2019-05-01,Banglore,Delhi,21:10:00,00:05:00,175,0.0,No info,4991
Multiple Carriers,2019-03-21,Delhi,Cochin,07:00:00,13:20:00,380,1.0,No info,9042
Jet Airways,2019-03-24,Kolkata,Banglore,06:30:00,04:45:00,1335,1.0,In-flight meal not included,10031
Jet Airways,2019-06-15,Delhi,Cochin,02:15:00,12:35:00,620,1.0,In-flight meal not included,10262
Jet Airways,2019-05-21,Delhi,Cochin,20:55:00,12:35:00,940,1.0,In-flight meal not included,12898
Jet Airways,2019-04-18,Banglore,Delhi,11:10:00,14:05:00,175,0.0,No info,7229
Indigo,2019-05-01,Kolkata,Banglore,07:10:00,12:40:00,330,1.0,No info,6111
Jet Airways,2019-04-01,Kolkata,Banglore,06:30:00,19:50:00,800,1.0,In-flight meal not included,7064
Jet Airways,2019-03-09,Mumbai,Hyderabad,06:30:00,08:00:00,90,0.0,In-flight meal not included,4995
Air India,2019-05-12,Kolkata,Banglore,05:50:00,23:15:00,1045,2.0,No info,11411
Indigo,2019-03-21,Delhi,Cochin,04:45:00,21:00:00,975,1.0,No info,6314
Multiple Carriers,2019-03-03,Delhi,Cochin,08:00:00,15:30:00,450,1.0,No info,17057
Jet Airways,2019-05-21,Kolkata,Banglore,18:55:00,12:00:00,1025,1.0,In-flight meal not included,10844
Jet Airways,2019-05-06,Kolkata,Banglore,17:00:00,15:05:00,1325,1.0,No info,13067
Air India,2019-06-06,Kolkata,Banglore,10:00:00,01:20:00,920,2.0,No info,13033
Jet Airways,2019-06-06,Kolkata,Banglore,09:35:00,14:25:00,1730,1.0,No info,12692
Spicejet,2019-03-15,Kolkata,Banglore,06:55:00,09:35:00,160,0.0,No check-in baggage included,3815
Jet Airways,2019-04-24,Banglore,Delhi,08:20:00,11:20:00,180,0.0,In-flight meal not included,4544
Jet Airways,2019-03-06,Delhi,Cochin,19:10:00,19:45:00,1475,2.0,No info,21954
Multiple Carriers,2019-06-24,Delhi,Cochin,10:20:00,21:00:00,640,1.0,In-flight meal not included,6007
Air India,2019-04-03,Delhi,Cochin,20:30:00,23:00:00,1590,1.0,No info,5022
Air India,2019-06-15,Banglore,Delhi,21:05:00,23:55:00,170,0.0,No info,5228
Air India,2019-06-01,Delhi,Cochin,05:15:00,19:15:00,2280,3.0,No info,10703
Jet Airways,2019-06-03,Mumbai,Hyderabad,19:35:00,21:05:00,90,0.0,No info,5678
Indigo,2019-03-01,Banglore,New Delhi,21:20:00,00:15:00,175,0.0,No info,12649
Jet Airways,2019-05-21,Delhi,Cochin,07:05:00,12:35:00,330,1.0,In-flight meal not included,12898
Air India,2019-06-15,Chennai,Kolkata,11:40:00,13:55:00,135,0.0,No info,4667
Indigo,2019-04-15,Banglore,Delhi,20:00:00,22:50:00,170,0.0,No info,4823
Jet Airways,2019-05-18,Delhi,Cochin,19:45:00,04:25:00,520,1.0,In-flight meal not included,12373
Jet Airways,2019-06-01,Delhi,Cochin,18:15:00,04:25:00,610,1.0,No info,14714
Air India,2019-06-18,Mumbai,Hyderabad,19:30:00,20:45:00,75,0.0,No info,3100
Multiple Carriers,2019-03-27,Delhi,Cochin,09:10:00,19:15:00,605,1.0,No info,10667
Jet Airways,2019-05-06,Mumbai,Hyderabad,02:55:00,04:20:00,85,0.0,In-flight meal not included,3210
Indigo,2019-06-06,Kolkata,Banglore,09:35:00,12:10:00,155,0.0,No info,4804
Jet Airways,2019-06-06,Delhi,Cochin,09:40:00,04:25:00,1125,2.0,In-flight meal not included,10368
Jet Airways,2019-06-21,Mumbai,Hyderabad,02:55:00,04:20:00,85,0.0,In-flight meal not included,4995
Air India,2019-05-27,Delhi,Cochin,19:45:00,19:15:00,1410,2.0,No info,10441
Spicejet,2019-06-15,Delhi,Cochin,15:45:00,22:05:00,380,1.0,No info,5583
Jet Airways,2019-06-06,Kolkata,Banglore,18:55:00,18:15:00,1400,1.0,In-flight meal not included,10844
Air India,2019-03-01,Banglore,New Delhi,09:30:00,23:45:00,855,1.0,No info,12704
Jet Airways,2019-03-18,Mumbai,Hyderabad,02:55:00,04:25:00,90,0.0,In-flight meal not included,2228
Multiple Carriers,2019-03-21,Delhi,Cochin,14:00:00,01:35:00,695,1.0,No info,13542
Jet Airways,2019-05-01,Kolkata,Banglore,18:55:00,12:00:00,1025,1.0,In-flight meal not included,9663
Multiple Carriers,2019-03-06,Delhi,Cochin,09:00:00,21:00:00,720,1.0,In-flight meal not included,15136
Go Air,2019-04-06,Banglore,Delhi,20:55:00,23:40:00,165,0.0,No info,3419
Multiple Carriers,2019-06-12,Delhi,Cochin,09:45:00,16:10:00,385,1.0,No info,9646
Jet Airways,2019-05-15,Kolkata,Banglore,16:30:00,16:20:00,1430,1.0,In-flight meal not included,10844
Vistara,2019-06-09,Kolkata,Banglore,17:00:00,23:25:00,385,1.0,No info,9870
Jet Airways,2019-05-21,Kolkata,Banglore,20:25:00,18:00:00,1295,1.0,No info,14151
Air India,2019-06-09,Delhi,Cochin,17:15:00,19:15:00,1560,2.0,No info,12392
Jet Airways,2019-05-06,Kolkata,Banglore,14:05:00,10:05:00,1200,1.0,In-flight meal not included,9663
Multiple Carriers,2019-06-09,Delhi,Cochin,10:00:00,01:30:00,930,1.0,No info,13377
Indigo,2019-06-09,Delhi,Cochin,06:50:00,16:10:00,560,1.0,No info,6442
Indigo,2019-05-27,Delhi,Cochin,05:05:00,12:10:00,425,1.0,No info,6600
Air India,2019-03-03,Delhi,Cochin,05:10:00,08:00:00,170,0.0,No info,7931
Jet Airways,2019-04-27,Banglore,Delhi,08:20:00,11:20:00,180,0.0,No info,7229
Indigo,2019-06-09,Kolkata,Banglore,09:20:00,14:15:00,295,1.0,No info,11465
Indigo,2019-03-27,Delhi,Cochin,17:10:00,01:35:00,505,1.0,No info,6316
Air India,2019-04-01,Kolkata,Banglore,16:45:00,23:15:00,1830,2.0,No info,9237
Jet Airways,2019-03-06,Delhi,Cochin,13:00:00,18:50:00,350,1.0,No info,17024
Multiple Carriers,2019-05-21,Delhi,Cochin,07:30:00,19:00:00,690,1.0,No info,9794
Multiple Carriers,2019-06-12,Delhi,Cochin,17:50:00,01:30:00,460,2.0,No info,18275
Vistara,2019-05-06,Banglore,Delhi,09:45:00,12:35:00,170,0.0,No info,4668
Multiple Carriers,2019-06-27,Delhi,Cochin,11:25:00,19:15:00,470,1.0,No info,7155
Indigo,2019-04-12,Banglore,Delhi,06:05:00,08:50:00,165,0.0,No info,4990
Jet Airways,2019-05-24,Kolkata,Banglore,17:00:00,22:05:00,1745,1.0,No info,13067
Air Asia,2019-03-15,Banglore,New Delhi,05:50:00,08:40:00,170,0.0,No info,5615
Jet Airways,2019-05-01,Delhi,Cochin,23:05:00,19:00:00,1195,2.0,No info,15129
Indigo,2019-06-12,Delhi,Cochin,17:10:00,01:30:00,500,1.0,No info,5883
Spicejet,2019-06-09,Mumbai,Hyderabad,22:45:00,00:15:00,90,0.0,No check-in baggage included,1965
Indigo,2019-06-27,Kolkata,Banglore,22:15:00,00:50:00,155,0.0,No info,4804
Jet Airways,2019-03-21,Delhi,Cochin,11:30:00,04:25:00,1015,1.0,In-flight meal not included,7438
Air India,2019-06-06,Kolkata,Banglore,16:45:00,21:05:00,1700,1.0,No info,7662
Spicejet,2019-06-06,Mumbai,Hyderabad,05:45:00,07:15:00,90,0.0,No info,2753
Multiple Carriers,2019-05-09,Delhi,Cochin,08:45:00,19:00:00,615,1.0,No info,9794
Go Air,2019-05-09,Delhi,Cochin,10:35:00,19:35:00,540,1.0,No info,6591
Jet Airways,2019-05-01,Kolkata,Banglore,20:25:00,23:35:00,1630,1.0,In-flight meal not included,9314
Jet Airways,2019-06-03,Delhi,Cochin,11:30:00,19:00:00,450,1.0,In-flight meal not included,10262
Jet Airways,2019-06-27,Mumbai,Hyderabad,07:05:00,08:30:00,85,0.0,In-flight meal not included,4995
Indigo,2019-06-03,Banglore,Delhi,01:30:00,04:15:00,165,0.0,No info,3943
Jet Airways,2019-04-01,Kolkata,Banglore,09:35:00,21:05:00,690,1.0,No info,10953
Jet Airways,2019-06-06,Delhi,Cochin,02:15:00,12:35:00,620,1.0,In-flight meal not included,10262
Jet Airways,2019-06-06,Kolkata,Banglore,06:30:00,23:35:00,1025,1.0,No info,14571
Air Asia,2019-04-21,Banglore,Delhi,23:55:00,02:45:00,170,0.0,No info,4483
Jet Airways,2019-05-21,Delhi,Cochin,09:40:00,04:25:00,1125,2.0,No info,15129
Jet Airways,2019-05-21,Delhi,Cochin,09:40:00,04:25:00,1125,2.0,In-flight meal not included,13029
Spicejet,2019-03-24,Banglore,New Delhi,09:35:00,12:30:00,175,0.0,No info,4377
Multiple Carriers,2019-05-27,Delhi,Cochin,09:00:00,21:00:00,720,1.0,No info,7618
Jet Airways,2019-05-18,Kolkata,Banglore,08:25:00,18:15:00,590,1.0,In-flight meal not included,10844
Jet Airways,2019-03-21,Banglore,New Delhi,09:45:00,14:25:00,280,1.0,In-flight meal not included,7280
Air India,2019-05-01,Kolkata,Banglore,12:00:00,18:30:00,1830,2.0,No info,10151
Indigo,2019-06-03,Chennai,Kolkata,13:15:00,15:35:00,140,0.0,No info,3597
Air India,2019-05-21,Delhi,Cochin,05:00:00,19:15:00,2295,2.0,No info,9968
Indigo,2019-06-27,Delhi,Cochin,06:50:00,22:30:00,940,1.0,No info,6442
Indigo,2019-03-06,Delhi,Cochin,05:05:00,10:05:00,300,1.0,No info,7894
Indigo,2019-03-09,Delhi,Cochin,17:30:00,01:35:00,485,1.0,No info,12351
Air India,2019-03-27,Delhi,Cochin,20:30:00,23:00:00,1590,1.0,No info,5022
Jet Airways,2019-05-12,Kolkata,Banglore,20:00:00,08:15:00,735,1.0,No info,13941
Jet Airways,2019-05-21,Kolkata,Banglore,08:25:00,18:15:00,590,1.0,In-flight meal not included,10844
Jet Airways,2019-05-09,Banglore,Delhi,08:20:00,11:20:00,180,0.0,No info,7229
Multiple Carriers,2019-05-18,Delhi,Cochin,11:30:00,01:30:00,840,1.0,No info,13727
Indigo,2019-04-27,Banglore,Delhi,07:10:00,10:05:00,175,0.0,No info,4823
Air India,2019-04-01,Kolkata,Banglore,14:15:00,16:45:00,150,0.0,No info,6245
Indigo,2019-05-18,Kolkata,Banglore,15:15:00,17:45:00,150,0.0,No info,4804
Multiple Carriers,2019-05-21,Delhi,Cochin,13:00:00,19:15:00,375,1.0,No info,14848
Multiple Carriers,2019-06-27,Delhi,Cochin,13:00:00,19:15:00,375,1.0,No info,14848
Indigo,2019-03-09,Kolkata,Banglore,20:25:00,23:05:00,160,0.0,No info,4148
Indigo,2019-05-09,Mumbai,Hyderabad,06:25:00,07:55:00,90,0.0,No info,4049
Vistara,2019-06-09,Banglore,Delhi,19:30:00,22:15:00,165,0.0,No info,4878
Air India,2019-04-03,Mumbai,Hyderabad,21:05:00,22:25:00,80,0.0,No info,2050
Jet Airways,2019-04-01,Kolkata,Banglore,20:25:00,15:05:00,1120,1.0,No info,11467
Go Air,2019-04-15,Banglore,Delhi,20:55:00,23:40:00,165,0.0,No info,3898
Air India,2019-05-06,Kolkata,Banglore,09:25:00,01:20:00,955,2.0,No info,11458
Air India,2019-05-15,Kolkata,Banglore,09:25:00,18:30:00,545,1.0,No info,8891
Indigo,2019-06-03,Delhi,Cochin,09:15:00,21:00:00,705,1.0,No info,6838
Jet Airways,2019-03-09,Delhi,Cochin,21:50:00,18:50:00,1260,1.0,No info,15764
Jet Airways,2019-05-12,Kolkata,Banglore,21:10:00,12:00:00,890,1.0,No info,14388
Air India,2019-06-06,Delhi,Cochin,06:05:00,09:25:00,1640,1.0,No info,7952
Jet Airways,2019-03-09,Delhi,Cochin,19:45:00,04:25:00,520,1.0,No info,15554
Air India,2019-06-06,Delhi,Cochin,07:00:00,19:15:00,735,1.0,No info,8669
Indigo,2019-05-27,Delhi,Cochin,11:55:00,22:30:00,635,1.0,No info,6442
Jet Airways,2019-05-21,Delhi,Cochin,23:05:00,19:00:00,1195,2.0,No info,15129
Jet Airways,2019-03-06,Mumbai,Hyderabad,14:00:00,16:50:00,1610,1.0,No info,19595
Jet Airways,2019-04-15,Banglore,Delhi,07:10:00,10:10:00,180,0.0,No info,7229
Spicejet,2019-04-15,Kolkata,Banglore,22:20:00,00:40:00,140,0.0,No check-in baggage included,3841
Multiple Carriers,2019-06-03,Delhi,Cochin,07:10:00,16:10:00,540,1.0,No info,7878
Jet Airways,2019-05-15,Kolkata,Banglore,18:55:00,08:15:00,800,1.0,In-flight meal not included,9663
Air India,2019-06-06,Delhi,Cochin,05:15:00,19:15:00,2280,3.0,No info,10703
Jet Airways,2019-06-15,Delhi,Cochin,09:40:00,12:35:00,1615,2.0,In-flight meal not included,10368
Jet Airways,2019-05-12,Banglore,Delhi,08:20:00,11:20:00,180,0.0,No info,7229
Multiple Carriers,2019-06-27,Delhi,Cochin,07:10:00,16:10:00,540,1.0,In-flight meal not included,6093
Multiple Carriers,2019-05-21,Delhi,Cochin,11:40:00,19:15:00,455,1.0,No info,8266
Jet Airways,2019-03-18,Banglore,New Delhi,05:45:00,15:15:00,570,1.0,No info,12284
Indigo,2019-04-24,Banglore,Delhi,22:10:00,01:00:00,170,0.0,No info,3625
Jet Airways,2019-04-09,Banglore,Delhi,18:55:00,22:00:00,185,0.0,No info,7229
Spicejet,2019-03-15,Mumbai,Hyderabad,13:10:00,14:30:00,80,0.0,No check-in baggage included,2385
Vistara,2019-05-15,Banglore,Delhi,11:30:00,14:20:00,170,0.0,No info,4668
Go Air,2019-04-12,Banglore,Delhi,07:45:00,10:40:00,175,0.0,No info,6722
Air India,2019-06-24,Delhi,Cochin,10:00:00,19:15:00,555,1.0,No info,9194
Jet Airways,2019-06-27,Delhi,Cochin,13:25:00,12:35:00,1390,2.0,No info,15339
Multiple Carriers,2019-03-21,Delhi,Cochin,10:00:00,01:35:00,935,1.0,No info,8098
Jet Airways,2019-03-21,Delhi,Cochin,10:45:00,18:50:00,1925,2.0,In-flight meal not included,7791
Air India,2019-03-06,Mumbai,Hyderabad,11:35:00,19:25:00,1910,2.0,No info,17926
Indigo,2019-06-03,Delhi,Cochin,05:10:00,10:05:00,295,1.0,No info,6842
Jet Airways,2019-04-03,Mumbai,Hyderabad,07:05:00,08:30:00,85,0.0,In-flight meal not included,4160
Indigo,2019-06-09,Delhi,Cochin,07:35:00,22:30:00,895,1.0,No info,6442
Indigo,2019-04-27,Delhi,Cochin,21:50:00,03:35:00,345,1.0,No info,6307
Jet Airways,2019-03-27,Delhi,Cochin,19:15:00,04:25:00,550,1.0,In-flight meal not included,6540
Multiple Carriers,2019-06-01,Delhi,Cochin,08:00:00,19:15:00,675,1.0,No info,16108
Jet Airways,2019-03-01,Banglore,New Delhi,08:00:00,18:25:00,625,1.0,No info,26890
Indigo,2019-03-09,Banglore,New Delhi,01:30:00,04:15:00,165,0.0,No info,4545
Air India,2019-04-15,Banglore,Delhi,21:05:00,23:55:00,170,0.0,No info,5228
Jet Airways,2019-03-21,Mumbai,Hyderabad,07:10:00,08:35:00,85,0.0,In-flight meal not included,4160
Vistara,2019-03-18,Banglore,New Delhi,19:40:00,22:20:00,160,0.0,No info,12123
Indigo,2019-05-15,Mumbai,Hyderabad,02:35:00,04:05:00,90,0.0,No info,2754
Air India,2019-04-09,Delhi,Cochin,17:15:00,07:40:00,865,2.0,No info,8052
Jet Airways,2019-03-06,Delhi,Cochin,02:15:00,04:25:00,1570,1.0,No info,17024
Air Asia,2019-05-27,Kolkata,Banglore,10:20:00,12:55:00,155,0.0,No info,4409
Vistara,2019-06-21,Banglore,Delhi,21:00:00,23:50:00,170,0.0,No info,5613
Jet Airways,2019-03-01,Banglore,New Delhi,11:40:00,05:05:00,1045,1.0,No info,22270
Air India,2019-04-01,Kolkata,Banglore,20:30:00,23:15:00,1605,1.0,No info,7211
Multiple Carriers,2019-06-27,Delhi,Cochin,07:30:00,19:00:00,690,1.0,No info,10877
Indigo,2019-05-09,Banglore,Delhi,06:05:00,08:50:00,165,0.0,No info,4077
Jet Airways,2019-03-09,Banglore,New Delhi,08:00:00,21:20:00,800,1.0,In-flight meal not included,11087
Indigo,2019-03-21,Delhi,Cochin,15:00:00,01:35:00,635,1.0,No info,7006
Air India,2019-03-21,Delhi,Cochin,06:50:00,19:15:00,2185,2.0,No info,10756
Spicejet,2019-05-15,Chennai,Kolkata,17:45:00,20:05:00,140,0.0,No check-in baggage included,3543
Spicejet,2019-05-15,Kolkata,Banglore,06:55:00,09:30:00,155,0.0,No info,3873
Jet Airways,2019-03-09,Delhi,Cochin,00:20:00,04:25:00,1685,1.0,No info,15029
Indigo,2019-05-12,Kolkata,Banglore,09:35:00,12:20:00,165,0.0,No info,4804
Air India,2019-05-12,Kolkata,Banglore,07:00:00,01:20:00,1100,2.0,No info,13243
Jet Airways,2019-03-24,Kolkata,Banglore,21:10:00,23:25:00,1575,1.0,In-flight meal not included,10031
Indigo,2019-05-24,Banglore,Delhi,07:10:00,10:05:00,175,0.0,No info,4823
Jet Airways,2019-03-06,Banglore,New Delhi,08:55:00,23:00:00,845,1.0,No info,16736
Jet Airways,2019-06-12,Kolkata,Banglore,09:35:00,22:05:00,750,1.0,No info,12692
Jet Airways,2019-05-03,Banglore,Delhi,11:10:00,14:05:00,175,0.0,In-flight meal not included,4030
Jet Airways,2019-04-21,Banglore,Delhi,18:55:00,22:00:00,185,0.0,In-flight meal not included,4544
Spicejet,2019-06-06,Chennai,Kolkata,08:20:00,10:35:00,135,0.0,No check-in baggage included,3543
Spicejet,2019-04-06,Kolkata,Banglore,22:20:00,00:40:00,140,0.0,No info,3873
Indigo,2019-06-12,Delhi,Cochin,11:25:00,01:30:00,845,1.0,No info,5883
Indigo,2019-06-12,Kolkata,Banglore,11:30:00,14:05:00,155,0.0,No info,4804
Jet Airways,2019-04-03,Banglore,Delhi,06:00:00,08:45:00,165,0.0,No info,7229
Jet Airways,2019-03-24,Kolkata,Banglore,19:45:00,19:40:00,1435,1.0,In-flight meal not included,10031
Jet Airways,2019-05-21,Kolkata,Banglore,08:25:00,08:15:00,1430,1.0,In-flight meal not included,8586
Jet Airways,2019-05-06,Banglore,Delhi,06:00:00,08:45:00,165,0.0,No info,7229
Multiple Carriers,2019-06-12,Delhi,Cochin,08:30:00,19:15:00,645,1.0,No info,7354
Multiple Carriers,2019-06-01,Delhi,Cochin,11:30:00,21:00:00,570,1.0,No info,13587
Jet Airways,2019-03-03,Delhi,Cochin,11:30:00,04:25:00,1015,1.0,No info,19828
Jet Airways,2019-05-21,Delhi,Cochin,19:10:00,19:00:00,1430,2.0,No info,15129
Jet Airways,2019-03-01,Banglore,New Delhi,05:45:00,12:25:00,400,1.0,Business class,62427
Indigo,2019-04-27,Kolkata,Banglore,15:15:00,17:45:00,150,0.0,No info,4804
Spicejet,2019-04-21,Delhi,Cochin,08:45:00,13:15:00,270,1.0,No info,6460
Multiple Carriers,2019-06-06,Delhi,Cochin,12:50:00,21:00:00,490,1.0,No info,7005
Multiple Carriers,2019-05-27,Delhi,Cochin,09:00:00,21:00:00,720,1.0,No info,13587
Spicejet,2019-03-24,Kolkata,Banglore,11:15:00,18:15:00,420,1.0,No info,12287
Indigo,2019-05-06,Kolkata,Banglore,17:15:00,19:50:00,155,0.0,No info,4804
Multiple Carriers,2019-06-24,Delhi,Cochin,06:00:00,21:00:00,900,1.0,No info,7740
Jet Airways,2019-05-18,Kolkata,Banglore,20:00:00,16:20:00,1220,1.0,In-flight meal not included,10844
Go Air,2019-04-01,Banglore,Delhi,07:45:00,10:40:00,175,0.0,No info,4239
Multiple Carriers,2019-06-09,Delhi,Cochin,09:00:00,21:00:00,720,1.0,No info,13587
Jet Airways,2019-03-01,Banglore,New Delhi,22:50:00,07:40:00,530,1.0,No info,26890
Indigo,2019-06-27,Delhi,Cochin,14:20:00,22:30:00,490,1.0,No info,6412
Jet Airways,2019-06-12,Kolkata,Banglore,20:00:00,08:15:00,735,1.0,In-flight meal not included,8529
Spicejet,2019-05-24,Kolkata,Banglore,15:55:00,21:25:00,330,1.0,No info,7804
Spicejet,2019-06-03,Kolkata,Banglore,09:00:00,11:25:00,145,0.0,No info,3873
Jet Airways,2019-03-09,Delhi,Cochin,19:15:00,04:25:00,550,1.0,No info,16289
Indigo,2019-04-24,Kolkata,Banglore,15:15:00,20:05:00,290,1.0,No info,4565
Jet Airways,2019-03-03,Delhi,Cochin,20:50:00,04:25:00,455,1.0,No info,17234
Jet Airways,2019-03-18,Banglore,New Delhi,07:00:00,16:10:00,550,1.0,No info,12284
Jet Airways,2019-04-01,Kolkata,Banglore,16:30:00,08:15:00,945,1.0,In-flight meal not included,7064
Jet Airways,2019-03-21,Banglore,New Delhi,11:40:00,12:15:00,1475,1.0,In-flight meal not included,7832
Air India,2019-05-21,Delhi,Cochin,17:40:00,23:00:00,320,1.0,No info,8067
Jet Airways,2019-06-01,Banglore,Delhi,19:50:00,22:50:00,180,0.0,No info,8016
Spicejet,2019-05-27,Kolkata,Banglore,17:10:00,19:40:00,150,0.0,No info,3873
Vistara,2019-04-09,Delhi,Cochin,06:00:00,09:10:00,190,0.0,No info,5586
Jet Airways,2019-05-21,Kolkata,Banglore,20:25:00,19:10:00,1365,1.0,No info,13067
Jet Airways,2019-06-06,Kolkata,Banglore,18:55:00,20:45:00,1550,1.0,No info,14571
Multiple Carriers,2019-03-21,Delhi,Cochin,13:00:00,01:35:00,755,1.0,No info,8098
Spicejet,2019-05-15,Banglore,Delhi,21:10:00,00:05:00,175,0.0,No info,3625
Indigo,2019-04-03,Kolkata,Banglore,15:15:00,17:45:00,150,0.0,No info,4174
Jet Airways,2019-06-09,Kolkata,Banglore,18:55:00,20:45:00,1550,1.0,In-flight meal not included,10844
Indigo,2019-03-27,Delhi,Cochin,05:35:00,08:50:00,195,0.0,No info,4729
Spicejet,2019-06-06,Kolkata,Banglore,11:15:00,18:30:00,435,1.0,No info,10156
Multiple Carriers,2019-05-27,Delhi,Cochin,13:00:00,19:15:00,375,1.0,No info,15898
Multiple Carriers,2019-05-18,Delhi,Cochin,14:55:00,22:30:00,455,1.0,No info,7740
Air India,2019-03-12,Mumbai,Hyderabad,19:30:00,20:45:00,75,0.0,No info,4307
Spicejet,2019-05-18,Kolkata,Banglore,06:55:00,09:30:00,155,0.0,No check-in baggage included,3841
Multiple Carriers,2019-06-12,Delhi,Cochin,13:00:00,21:00:00,480,1.0,No info,7408
Vistara,2019-03-15,Chennai,Kolkata,07:05:00,09:20:00,135,0.0,No info,6627
Indigo,2019-05-03,Banglore,Delhi,04:00:00,06:50:00,170,0.0,No info,3943
Air India,2019-06-24,Delhi,Cochin,16:55:00,19:15:00,1580,2.0,No info,13381
Multiple Carriers,2019-05-18,Delhi,Cochin,15:00:00,01:30:00,630,1.0,No info,13727
Vistara,2019-03-06,Mumbai,Hyderabad,11:55:00,09:25:00,1290,1.0,No info,12395
Jet Airways,2019-06-06,Delhi,Cochin,14:00:00,19:00:00,300,1.0,In-flight meal not included,10262
Indigo,2019-05-24,Chennai,Kolkata,11:35:00,14:00:00,145,0.0,No info,4332
Jet Airways,2019-06-09,Kolkata,Banglore,06:30:00,19:50:00,800,1.0,No info,14571
Jet Airways,2019-05-18,Delhi,Cochin,07:05:00,19:00:00,715,1.0,In-flight meal not included,12373
Jet Airways,2019-05-15,Kolkata,Banglore,20:00:00,08:15:00,735,1.0,In-flight meal not included,8586
Multiple Carriers,2019-06-09,Delhi,Cochin,04:55:00,12:35:00,460,1.0,No info,10877
Jet Airways,2019-05-12,Kolkata,Banglore,14:05:00,23:35:00,570,1.0,No info,14781
Indigo,2019-03-01,Kolkata,Banglore,22:10:00,00:55:00,165,0.0,No info,4778
Air Asia,2019-06-09,Banglore,Delhi,04:55:00,07:45:00,170,0.0,No info,8420
Air India,2019-06-06,Delhi,Cochin,13:30:00,23:00:00,570,1.0,No info,8907
Indigo,2019-04-03,Kolkata,Banglore,19:20:00,23:45:00,265,1.0,No info,3480
Air India,2019-05-12,Kolkata,Banglore,16:45:00,12:30:00,1185,2.0,No info,14330
Air India,2019-05-24,Kolkata,Banglore,09:50:00,08:55:00,1385,2.0,No info,15170
Indigo,2019-05-15,Delhi,Cochin,14:25:00,17:40:00,195,0.0,No info,6541
Indigo,2019-06-03,Banglore,Delhi,06:05:00,08:50:00,165,0.0,No info,3943
Multiple Carriers,2019-05-18,Delhi,Cochin,09:45:00,16:10:00,385,1.0,No info,9646
Jet Airways,2019-06-12,Kolkata,Banglore,21:10:00,04:40:00,450,1.0,In-flight meal not included,7594
Indigo,2019-06-12,Delhi,Cochin,14:25:00,17:40:00,195,0.0,No info,5601
Air India,2019-03-21,Delhi,Cochin,19:45:00,19:15:00,1410,2.0,No info,8236
Air India,2019-05-06,Kolkata,Banglore,07:00:00,10:00:00,1620,2.0,No info,14508
Vistara,2019-05-01,Banglore,Delhi,11:30:00,14:20:00,170,0.0,No info,4668
Jet Airways,2019-03-21,Banglore,New Delhi,11:40:00,07:40:00,1200,1.0,In-flight meal not included,7832
Jet Airways,2019-03-21,Delhi,Cochin,17:30:00,18:50:00,1520,1.0,In-flight meal not included,5963
Jet Airways,2019-05-27,Delhi,Cochin,23:05:00,04:25:00,1760,2.0,No info,16704
Jet Airways,2019-06-03,Delhi,Cochin,17:30:00,12:35:00,1145,1.0,No info,14714
Jet Airways,2019-05-21,Kolkata,Banglore,06:30:00,16:20:00,590,1.0,In-flight meal not included,10844
Air India,2019-03-03,Delhi,Cochin,05:00:00,19:15:00,2295,2.0,No info,10283
Spicejet,2019-06-01,Kolkata,Banglore,22:20:00,00:40:00,140,0.0,No check-in baggage included,3841
Air India,2019-05-21,Kolkata,Banglore,09:50:00,23:15:00,805,3.0,No info,14960
Jet Airways,2019-04-15,Delhi,Cochin,13:00:00,19:00:00,360,1.0,In-flight meal not included,6542
Spicejet,2019-03-24,Kolkata,Banglore,11:35:00,18:50:00,435,1.0,No info,9923
Spicejet,2019-04-09,Banglore,Delhi,05:55:00,08:35:00,160,0.0,No info,3971
Multiple Carriers,2019-06-27,Delhi,Cochin,12:50:00,19:15:00,385,1.0,In-flight meal not included,7268
Air India,2019-03-21,Delhi,Cochin,17:20:00,09:25:00,965,1.0,No info,6482
Air India,2019-05-01,Banglore,Delhi,21:05:00,23:55:00,170,0.0,No info,6121
Jet Airways,2019-03-01,Banglore,New Delhi,08:00:00,05:05:00,1265,1.0,No info,22270
Indigo,2019-05-06,Banglore,Delhi,23:30:00,02:20:00,170,0.0,No info,4077
Multiple Carriers,2019-03-09,Delhi,Cochin,07:30:00,19:45:00,735,1.0,No info,12615
Jet Airways,2019-05-24,Kolkata,Banglore,18:55:00,04:40:00,585,1.0,No info,13731
Air India,2019-05-27,Delhi,Cochin,13:15:00,09:25:00,1210,2.0,No info,10467
Indigo,2019-03-24,Banglore,New Delhi,10:10:00,13:00:00,170,0.0,No info,5734
Indigo,2019-06-27,Banglore,Delhi,07:10:00,10:05:00,175,0.0,No info,4823
Air Asia,2019-06-21,Banglore,Delhi,11:10:00,13:55:00,165,0.0,No info,3383
Multiple Carriers,2019-05-27,Delhi,Cochin,07:30:00,19:15:00,705,1.0,No info,8837
Jet Airways,2019-03-15,Banglore,New Delhi,22:55:00,05:05:00,370,1.0,No info,27210
Multiple Carriers,2019-03-06,Delhi,Cochin,07:05:00,21:20:00,855,2.0,No info,7084
Jet Airways,2019-03-18,Banglore,New Delhi,16:55:00,10:25:00,1050,1.0,In-flight meal not included,11087
Indigo,2019-06-15,Delhi,Cochin,08:35:00,22:30:00,835,1.0,No info,6442
Jet Airways,2019-03-06,Delhi,Cochin,18:15:00,19:45:00,1530,1.0,No info,17024
Jet Airways,2019-05-18,Delhi,Cochin,19:10:00,19:00:00,1430,2.0,No info,16704
Jet Airways,2019-06-06,Delhi,Cochin,09:25:00,04:25:00,1140,2.0,In-flight meal not included,11992
Jet Airways,2019-06-24,Delhi,Cochin,17:35:00,19:00:00,1525,2.0,No info,13922
Jet Airways,2019-03-06,Banglore,New Delhi,05:45:00,23:00:00,1035,1.0,No info,16736
Jet Airways,2019-05-18,Delhi,Cochin,08:00:00,19:00:00,660,1.0,In-flight meal not included,12373
Jet Airways,2019-04-01,Kolkata,Banglore,14:05:00,20:45:00,400,1.0,No info,13364
Jet Airways,2019-06-09,Delhi,Cochin,07:05:00,12:35:00,330,1.0,In-flight meal not included,10262
Multiple Carriers,2019-06-15,Delhi,Cochin,11:40:00,19:15:00,455,1.0,No info,9526
Indigo,2019-04-06,Banglore,Delhi,10:10:00,13:00:00,170,0.0,No info,4423
Air Asia,2019-05-01,Kolkata,Banglore,15:10:00,23:30:00,500,2.0,No info,5192
Air India,2019-05-27,Delhi,Cochin,05:15:00,06:50:00,1535,1.0,No info,8425
